{
  "Component-preload.js": 1714721632462,
  "manifest.json": 1714721632014,
  "model/models.js": 1712224075986,
  "controller/MyView.controller.js": 1712224075990,
  "controller/App.controller.js": 1712229256914,
  "utils/locate-reuse-libs.js": 1712224075986,
  "Component.js": 1712229287213,
  "controller/MyView-dbg.controller.js": 1712224075990,
  "controller/MyView.controller.js.map": 1714721632242,
  "model/models-dbg.js": 1712224075986,
  "model/models.js.map": 1714721632248,
  "controller/App-dbg.controller.js": 1712229256914,
  "controller/App.controller.js.map": 1714721632248,
  "utils/locate-reuse-libs-dbg.js": 1712224075986,
  "utils/locate-reuse-libs.js.map": 1714721632264,
  "Component-dbg.js": 1712229287213,
  "Component.js.map": 1714721632261,
  "i18n/i18n.properties": 1712224075982,
  "Component-preload.js.map": 1714721632462,
  "view/MyView.view.xml": 1712224089297,
  "view/App.view.xml": 1712293941575,
  "css/style.css": 1712224075986,
  "index.html": 1712224075934
}