{
  "manifest.json": 1715688027377,
  "controller/MyTaskUI.controller.js": 1714719518824,
  "model/models.js": 1712036187229,
  "utils/locate-reuse-libs.js": 1712036187229,
  "controller/App.controller.js": 1715687980956,
  "i18n/i18n.properties": 1712036187225,
  "Component.js": 1715253801742,
  "Component-dbg.js": 1715253801742,
  "Component.js.map": 1715688027667,
  "model/models-dbg.js": 1712036187229,
  "model/models.js.map": 1715688027573,
  "utils/locate-reuse-libs-dbg.js": 1712036187229,
  "utils/locate-reuse-libs.js.map": 1715688027672,
  "controller/App-dbg.controller.js": 1715687980956,
  "controller/App.controller.js.map": 1715688027767,
  "controller/MyTaskUI-dbg.controller.js": 1714719518824,
  "controller/MyTaskUI.controller.js.map": 1715688027577,
  "Component-preload.js": 1715688027980,
  "Component-preload.js.map": 1715688027980,
  "view/MyTaskUI.view.xml": 1712049177340,
  "view/App.view.xml": 1715583867686,
  "css/style.css": 1714449909498,
  "index.html": 1714650393795
}