{
  "Component-dbg.js": 1714626837067,
  "manifest.json": 1714721622002,
  "model/models.js": 1712036187229,
  "controller/MyTaskUI.controller.js": 1714719518824,
  "controller/App.controller.js": 1714721592723,
  "utils/locate-reuse-libs.js": 1712036187229,
  "Component.js": 1714626837067,
  "controller/App-dbg.controller.js": 1714721592723,
  "controller/App.controller.js.map": 1714721622330,
  "controller/MyTaskUI-dbg.controller.js": 1714719518824,
  "controller/MyTaskUI.controller.js.map": 1714721622255,
  "model/models-dbg.js": 1712036187229,
  "model/models.js.map": 1714721622257,
  "utils/locate-reuse-libs-dbg.js": 1712036187229,
  "utils/locate-reuse-libs.js.map": 1714721622290,
  "i18n/i18n.properties": 1712036187225,
  "Component.js.map": 1714721622287,
  "Component-preload.js": 1714721622594,
  "Component-preload.js.map": 1714721622594,
  "view/MyTaskUI.view.xml": 1712049177340,
  "view/App.view.xml": 1714449805662,
  "css/style.css": 1714449909498,
  "index.html": 1714650393795
}