{
  "utils/locate-reuse-libs-dbg.js": 1712036187229,
  "controller/MyTaskUI.controller.js": 1714719518824,
  "model/models.js": 1712036187229,
  "utils/locate-reuse-libs.js": 1712036187229,
  "controller/App.controller.js": 1715248634953,
  "manifest.json": 1715248675567,
  "Component.js": 1715248607773,
  "Component-dbg.js": 1715248607773,
  "Component.js.map": 1715248675928,
  "model/models-dbg.js": 1712036187229,
  "model/models.js.map": 1715248675860,
  "i18n/i18n.properties": 1712036187225,
  "utils/locate-reuse-libs.js.map": 1715248675904,
  "controller/App-dbg.controller.js": 1715248634953,
  "controller/App.controller.js.map": 1715248675951,
  "controller/MyTaskUI-dbg.controller.js": 1714719518824,
  "controller/MyTaskUI.controller.js.map": 1715248675887,
  "Component-preload.js": 1715248676297,
  "Component-preload.js.map": 1715248676297,
  "view/MyTaskUI.view.xml": 1712049177340,
  "view/App.view.xml": 1715167371264,
  "css/style.css": 1714449909498,
  "index.html": 1714650393795
}